<?xml version='1.0' encoding='UTF-8'?>
<weblogic-web-app xmlns="http://www.bea.com/ns/weblogic/90"
	xmlns:xsi="http://www.w3.org/2001/XMLSchema-instance">
	<security-role-assignment>
		<role-name>SamlTrainee</role-name>
		<principal-name>Administrators</principal-name>		
	</security-role-assignment>
	<session-descriptor>
		<timeout-secs>150</timeout-secs>
		<invalidation-interval-secs>50</invalidation-interval-secs>
		</session-descriptor>
		<context-root>/samldest01App</context-root>
</weblogic-web-app>